Source File	Size	loadResources	load	generateSnapshots	load-configure	scan	loadDepInfo	loadInfo	checkR4R4B	generateNarratives	validate	loadLists	checkConformanceResources	checkConformanceResources2	checkConformanceResources3	generateLogicalMaps	validateExpressions	scanForUsageStats	checkURLsUnique	processProvenanceDetails	generate1	generate2	generateLogicals	makeDependencies	generateExampleZip	generateValidationPack	scanProfilesForR5	scanExamplesForR5
/fsh-generated/resources/ImplementationGuide-ans.document.fr.core.json	171840	-	0	0	0	0	0	0	41	83	0	0	0	0	0	0	0	4	0	0	376	507	0	0	0	17	0	2
fsh-generated/resources/ConceptMap-FRActLMCDAFHIR.json	10135	16	0	0	0	0	0	0	1	15458	0	0	0	0	0	0	0	0	0	0	64	13861	0	0	0	1	0	0
fsh-generated/resources/ConceptMap-FRAdvanceDirectiveLMCDAFHIR.json	7671	12	0	0	0	0	0	0	1	9526	0	0	0	0	0	0	0	0	0	0	46	9219	0	0	0	1	0	0
fsh-generated/resources/ConceptMap-FRAdverseEventLMCDAFHIR.json	6891	11	0	0	0	0	0	0	1	8941	0	0	0	0	0	0	0	0	0	0	42	8925	0	0	0	0	0	0
fsh-generated/resources/ConceptMap-FRAllergyIntoleranceLMCDAFHIR.json	6696	11	0	0	1	0	0	0	0	12080	0	0	0	0	0	0	0	0	0	0	31	11683	0	0	0	1	0	0
fsh-generated/resources/ConceptMap-FRCarePlanLMCDAFHIR.json	5226	10	0	0	0	0	0	0	1	6079	0	0	0	0	0	0	0	0	0	0	44	5830	0	0	0	0	0	0
fsh-generated/resources/ConceptMap-FRConditionLMCDAFHIR.json	8520	12	0	0	0	0	0	0	1	11845	0	0	0	0	0	0	0	1	0	0	48	11839	0	0	0	1	0	0
fsh-generated/resources/ConceptMap-FRDeviceRequestLMCDAFHIR.json	7653	10	0	0	0	0	0	0	1	9515	0	0	0	0	0	0	0	0	0	0	49	9407	0	0	0	0	0	0
fsh-generated/resources/ConceptMap-FRDeviceUseStatementLMCDAFHIR.json	5476	11	0	0	0	0	0	0	0	6328	0	0	0	0	0	0	0	0	0	0	36	6018	0	0	0	1	0	1
fsh-generated/resources/ConceptMap-FRDiagnosticReportLMCDAFHIR.json	4677	10	0	0	0	0	0	0	1	6024	0	0	0	0	0	0	0	0	0	0	42	5875	0	0	0	0	0	0
fsh-generated/resources/ConceptMap-FRDocumentReferenceLMCDAFHIR.json	5388	11	0	0	0	0	0	0	0	6823	0	0	0	0	0	0	0	0	0	0	49	6746	0	0	0	0	0	0
fsh-generated/resources/ConceptMap-FREncounterLMCDAFHIR.json	6109	11	0	0	1	0	0	0	1	8562	0	0	0	0	0	0	0	0	0	0	49	8198	0	0	0	1	0	0
fsh-generated/resources/ConceptMap-FRFamilyMemberHistoriesLMCDAFHIR.json	5329	10	0	0	0	0	0	0	1	5837	0	0	0	0	0	0	0	0	0	0	40	5692	0	0	0	0	0	0
fsh-generated/resources/ConceptMap-FRFamilyMemberHistoryLMCDAFHIR.json	6727	11	0	0	0	0	0	0	0	8307	0	0	0	0	0	0	0	0	0	0	34	7902	0	0	0	1	0	0
fsh-generated/resources/ConceptMap-FRFunctionalStatusLMCDAFHIR.json	4496	10	0	0	0	0	0	0	1	5322	0	0	0	0	0	0	0	0	0	0	27	4977	0	0	0	0	0	0
fsh-generated/resources/ConceptMap-FRImagingClinicalInformationLMCDAFHIR.json	7291	11	0	0	0	0	0	0	1	6881	0	0	0	0	0	0	0	0	0	0	51	6488	0	1	0	0	0	0
fsh-generated/resources/ConceptMap-FRImagingProcedureLMCDAFHIR.json	5408	10	0	0	0	0	0	0	0	6656	0	0	0	0	0	0	0	0	0	0	31	6440	0	0	0	1	0	0
fsh-generated/resources/ConceptMap-FRImagingQuantityLMCDAFHIR.json	4324	11	0	0	0	0	0	0	1	4428	0	0	0	0	0	0	0	0	0	0	28	4205	0	0	0	0	0	0
fsh-generated/resources/ConceptMap-FRImagingRadiationExposureLMCDAFHIR.json	4561	10	0	0	1	0	0	0	0	4494	0	0	0	0	0	0	0	0	0	0	27	4375	0	0	0	1	0	0
fsh-generated/resources/ConceptMap-FRImagingResultatsLMCDAFHIR.json	2431	10	0	0	0	0	0	0	1	2340	0	0	0	0	0	0	0	0	0	0	25	2280	0	0	0	0	0	0
fsh-generated/resources/ConceptMap-FRImagingServiceRequestLMCDAFHIR.json	2832	10	0	0	0	0	0	0	0	2676	0	0	0	0	0	0	0	0	0	0	25	2582	0	0	0	0	0	0
fsh-generated/resources/ConceptMap-FRImagingStudyLMCDAFHIR.json	4624	10	0	0	0	0	0	0	0	5324	0	0	0	0	0	0	0	0	0	0	28	5228	0	0	0	0	0	0
fsh-generated/resources/ConceptMap-FRImmunizationLMCDAFHIR.json	8134	11	0	0	0	0	0	0	1	11069	0	0	0	0	0	0	0	0	0	0	35	10863	0	0	0	1	0	0
fsh-generated/resources/ConceptMap-FRImmunizationRecommendationLMCDAFHIR.json	7895	12	0	0	0	0	0	0	1	9797	0	0	0	0	0	0	0	0	0	0	33	9263	0	0	0	1	0	0
fsh-generated/resources/ConceptMap-FRLaboratoryBatteryResultsLMCDAFHIR.json	9671	11	0	0	0	0	0	0	1	10815	0	0	0	0	0	0	0	0	0	0	38	10392	0	0	0	0	0	0
fsh-generated/resources/ConceptMap-FRLaboratoryIsolateResultsLMCDAFHIR.json	11690	12	0	0	1	0	0	0	1	12710	0	0	0	0	0	0	0	0	0	0	43	12063	0	0	0	1	0	0
fsh-generated/resources/ConceptMap-FRLaboratoryResultClinicalElementLMCDAFHIR.json	11984	13	0	0	0	0	0	0	1	11475	0	0	0	0	0	0	0	0	0	0	41	11395	0	0	0	1	0	0
fsh-generated/resources/ConceptMap-FRLaboratoryResultsLMCDAFHIR.json	11126	11	0	0	0	0	0	0	2	11210	0	0	0	0	0	0	0	0	0	0	41	11023	0	0	0	0	0	0
fsh-generated/resources/ConceptMap-FRMediaLMCDAFHIR.json	7992	11	0	0	0	0	0	0	0	11096	0	0	0	0	0	0	0	0	0	0	33	10931	0	0	0	1	0	0
fsh-generated/resources/ConceptMap-FRMedicationAdministrationLMCDAFHIR.json	9968	12	0	0	0	0	1	0	2	13302	0	0	0	0	0	0	0	0	0	0	43	13075	0	0	0	1	0	0
fsh-generated/resources/ConceptMap-FRMedicationDispenseLMCDAFHIR.json	6824	11	0	0	0	0	0	0	0	12657	0	0	0	0	0	0	0	0	0	0	42	12485	0	0	0	0	0	0
fsh-generated/resources/ConceptMap-FRMedicationLMCDAFHIR.json	7344	11	0	0	0	0	0	0	1	8966	0	0	0	0	0	0	0	1	0	0	35	8838	0	0	0	1	0	0
fsh-generated/resources/ConceptMap-FRMedicationRequestLMCDAFHIR.json	17623	12	0	0	1	0	0	0	2	22468	0	0	0	0	0	0	0	0	0	0	52	22512	0	0	0	1	0	0
fsh-generated/resources/ConceptMap-FRMedicationStatementLMCDAFHIR.json	9253	12	0	0	0	0	0	0	1	12681	0	0	0	0	0	0	0	0	0	0	42	11973	0	0	0	0	0	0
fsh-generated/resources/ConceptMap-FRMedicationsCombinaisonLMCDAFHIR.json	4298	10	0	0	0	0	0	0	1	4746	0	0	0	0	0	0	0	0	0	0	33	4660	0	0	0	1	0	0
fsh-generated/resources/ConceptMap-FRMedicationsCombinaisonRequestLMCDAFHIR.json	4464	11	0	0	0	0	0	0	0	4882	0	0	0	0	0	0	0	0	0	0	30	4640	0	0	0	0	0	0
fsh-generated/resources/ConceptMap-FRObservationAdministrationBloodDerivativesLMCDAFHIR.json	5403	12	0	0	0	0	0	0	1	6192	0	0	0	0	0	0	0	0	0	0	29	5859	0	0	0	1	0	0
fsh-generated/resources/ConceptMap-FRObservationBirthEventLMCDAFHIR.json	3990	10	0	0	0	0	0	0	0	4895	0	0	0	0	0	0	0	0	0	0	27	4647	0	0	0	0	0	0
fsh-generated/resources/ConceptMap-FRObservationBloodProductTransfusionLMCDAFHIR.json	5338	11	0	0	0	0	0	0	1	6087	0	0	0	0	0	0	0	0	0	0	31	5741	0	0	0	0	0	0
fsh-generated/resources/ConceptMap-FRObservationMedicalSummaryLMCDAFHIR.json	4769	11	0	0	0	0	0	0	0	5589	0	0	0	0	0	0	0	0	0	0	29	5200	0	0	0	1	0	0
fsh-generated/resources/ConceptMap-FRObservationMicroorganismDetectionLMCDAFHIR.json	4963	11	0	0	1	0	0	0	1	5548	0	0	0	0	0	0	0	0	0	0	27	5492	0	0	0	0	0	0
fsh-generated/resources/ConceptMap-FRObservationMultiresistantMicroorganismsIdentificationLMCDAFHIR.json	5710	11	0	0	0	0	0	0	1	5580	0	0	0	0	0	0	0	0	0	0	32	5369	0	0	0	0	0	0
fsh-generated/resources/ConceptMap-FRObservationPregnancyHistoryLMCDAFHIR.json	4497	11	0	0	0	0	0	0	0	4802	0	0	0	0	0	0	0	0	0	0	32	4773	0	0	0	1	0	0
fsh-generated/resources/ConceptMap-FRObservationPregnancyLMCDAFHIR.json	4225	11	0	0	0	0	0	0	1	4878	0	0	0	0	0	0	0	0	0	0	29	4699	0	0	0	0	0	0
fsh-generated/resources/ConceptMap-FRObservationResultLMCDAFHIR.json	6837	7	0	0	0	0	0	0	0	8944	0	0	0	0	0	0	0	0	0	0	33	8378	0	0	0	0	0	1
fsh-generated/resources/ConceptMap-FRObservationSocialHistoryLMCDAFHIR.json	5921	6	0	0	0	0	0	0	1	7512	0	0	0	0	0	0	0	0	0	0	31	6940	0	0	0	1	0	0
fsh-generated/resources/ConceptMap-FRObservationSurveyComponentLMCDAFHIR.json	6108	6	0	0	0	0	0	0	1	7353	0	0	0	0	0	0	0	0	0	0	30	7310	0	0	0	0	0	0
fsh-generated/resources/ConceptMap-FRObservationSurveyComponentN2LMCDAFHIR.json	5628	10	0	0	1	0	0	0	1	6645	0	0	0	0	0	0	0	0	0	0	30	6347	0	0	0	1	0	0
fsh-generated/resources/ConceptMap-FRObservationSurveyLMCDAFHIR.json	7385	8	0	0	0	0	0	0	1	9973	0	0	0	0	0	0	0	0	0	0	31	9656	0	0	0	0	0	0
fsh-generated/resources/ConceptMap-FRObservationSurveyPannelLMCDAFHIR.json	4263	6	0	0	0	0	0	0	0	4464	0	0	0	0	0	0	0	0	0	0	29	4357	0	0	0	1	0	0
fsh-generated/resources/ConceptMap-FRObservationTransfusionAccidentsLMCDAFHIR.json	5115	6	0	0	0	0	0	0	1	5858	0	0	0	0	0	0	0	0	0	0	28	5935	0	0	0	0	0	0
fsh-generated/resources/ConceptMap-FRObservationVitalSignsLMCDAFHIR.json	6317	5	0	0	0	0	0	0	0	8196	0	0	0	0	0	0	0	0	0	0	31	7917	0	0	0	0	0	0
fsh-generated/resources/ConceptMap-FRObservationVitalSignsPanelLMCDAFHIR.json	4301	6	0	0	0	0	0	0	1	7704	0	0	0	0	0	0	0	0	0	0	30	7562	0	0	0	1	0	0
fsh-generated/resources/ConceptMap-FRObservationWorkRelatedAccidentLMCDAFHIR.json	4718	5	0	0	0	0	0	0	1	5400	0	0	0	0	0	0	0	0	0	0	27	4866	0	0	0	0	0	0
fsh-generated/resources/ConceptMap-FRPhysicalFunctionsLMCDAFHIR.json	4592	6	0	0	0	0	0	0	0	4990	0	0	0	0	0	0	0	0	0	0	28	5038	0	0	0	0	0	0
fsh-generated/resources/ConceptMap-FRPregnancyHistoryLMCDAFHIR.json	4338	6	0	0	1	0	0	0	1	4809	0	0	0	0	0	0	0	0	0	0	30	4618	0	0	0	1	0	0
fsh-generated/resources/ConceptMap-FRResultsLMCDAFHIR.json	4418	5	0	0	0	0	0	0	0	8453	0	0	0	0	0	0	0	0	0	0	28	8051	0	0	0	0	0	0
fsh-generated/resources/ConceptMap-FRServiceRequestLMCDAFHIR.json	6646	6	0	0	0	0	0	0	1	8349	0	0	0	0	0	0	0	0	0	0	31	8388	0	0	0	0	0	0
fsh-generated/resources/ConceptMap-FRSocialHistoryLMCDAFHIR.json	3556	5	0	0	0	0	0	0	0	3651	0	0	0	0	0	0	0	0	0	0	25	3634	0	0	0	1	0	0
fsh-generated/resources/ConceptMap-FRSpecimenLMCDAFHIR.json	5215	6	0	0	0	0	0	0	1	6503	0	0	0	0	0	0	0	0	0	0	29	6566	0	0	0	0	0	0
fsh-generated/resources/ConceptMap-mappingAuteurCDAFHIR.json	3968	6	0	0	0	0	0	0	0	18	0	0	0	0	0	0	0	0	0	0	27	50	0	0	0	0	0	0
fsh-generated/resources/ConceptMap-mappingConsentementCDAFHIR.json	3164	5	0	0	0	0	0	0	1	23	0	0	0	0	0	0	0	0	0	0	27	32	0	0	0	1	0	0
fsh-generated/resources/ConceptMap-mappingDestinatairePrevuCDAFHIR.json	6120	6	0	0	1	0	0	0	0	27	0	0	0	0	0	0	0	0	0	0	31	41	0	0	0	0	0	0
fsh-generated/resources/ConceptMap-mappingDocumentDeReferenceCDAFHIR.json	2572	6	0	0	0	0	0	0	1	26	0	0	0	0	0	0	0	0	0	0	24	28	0	0	0	0	0	0
fsh-generated/resources/ConceptMap-mappingEvenementCDAFHIR.json	5478	5	0	0	0	0	0	0	0	19	0	0	0	0	0	0	0	1	0	0	30	28	0	0	0	1	0	0
fsh-generated/resources/ConceptMap-mappingInformateurCDAFHIR.json	2841	6	0	0	0	0	0	0	0	15	0	0	0	0	0	0	0	0	0	0	24	27	0	0	0	0	0	0
fsh-generated/resources/ConceptMap-mappingOperateurSaisieCDAFHIR.json	2678	5	0	0	0	0	0	0	1	15	0	0	0	0	0	0	0	0	0	0	24	27	0	0	0	0	0	0
fsh-generated/resources/ConceptMap-mappingParticipantCDAFHIR.json	8171	6	0	0	0	0	0	0	0	19	0	0	0	0	0	0	0	0	0	0	37	29	0	0	0	1	0	0
fsh-generated/resources/ConceptMap-mappingPatientCDAFHIR.json	17847	7	0	0	0	0	0	0	2	22434	0	0	0	0	0	0	0	0	0	0	52	22559	0	0	0	1	0	0
fsh-generated/resources/ConceptMap-mappingPersonneStructureAssignedEntityFHIR.json	9449	6	0	0	0	0	0	0	1	20	0	0	0	0	0	0	0	0	0	0	36	40	0	0	0	1	0	0
fsh-generated/resources/ConceptMap-mappingPersonneStructureAuteurFHIR.json	9545	6	0	0	1	0	0	0	1	17	0	0	0	0	0	0	0	0	0	0	38	39	0	0	0	0	0	0
fsh-generated/resources/ConceptMap-mappingPersonneStructureRelatedEntityFHIR.json	8572	6	0	0	0	0	0	0	1	3596	0	0	0	0	0	0	0	0	0	0	34	3705	0	0	0	1	0	0
fsh-generated/resources/ConceptMap-mappingPrescriptionCDAFHIR.json	2544	5	0	0	0	0	0	0	0	15	0	0	0	0	0	0	0	0	0	0	24	48	0	0	0	0	0	0
fsh-generated/resources/ConceptMap-mappingPriseEnchargeCDAFHIR.json	10008	6	0	0	0	0	0	0	1	18	0	0	0	0	0	0	0	0	0	0	37	36	0	0	0	1	0	0
fsh-generated/resources/ConceptMap-mappingResponsableCDAFHIR.json	7270	6	0	0	0	0	0	0	0	19	0	0	0	0	0	0	0	0	0	0	32	42	0	0	0	0	0	0
fsh-generated/resources/ConceptMap-mappingStructureConservationCDAFHIR.json	4475	5	0	0	0	0	0	0	1	16	0	0	0	0	0	0	0	0	0	0	27	31	0	0	0	1	0	0
fsh-generated/resources/ConceptMap-mappingSystemeFHIR.json	6491	6	0	0	0	0	0	0	1	7545	0	0	0	0	0	0	0	0	0	0	33	7749	0	0	0	0	0	0
fsh-generated/resources/ConceptMap-mappingValidateurCDAFHIR.json	7139	6	0	0	1	0	0	0	0	16	0	0	0	0	0	0	0	0	0	0	32	28	0	0	0	0	0	0
fsh-generated/resources/ConceptMap-mappingmodelemetierCDAFHIR.json	14066	6	0	0	0	0	0	0	2	21	0	0	0	0	0	0	0	0	0	0	45	33	0	0	0	1	0	0
fsh-generated/resources/StructureDefinition-fr-Observation-vital-signs-panel-document.json	3468	6	0	141	0	0	0	1	0	99	0	0	0	0	0	0	0	1	0	0	236	1485	0	0	0	8	0	1
fsh-generated/resources/StructureDefinition-fr-accession-number-identifier-document.json	1873	7	0	51	0	0	0	0	0	31	0	0	0	0	0	0	0	0	0	0	78	286	0	0	0	3	0	0
fsh-generated/resources/StructureDefinition-fr-actor-extension.json	4421	6	0	60	0	0	0	0	0	25	0	0	0	0	0	0	0	0	0	0	90	286	0	0	0	2	0	0
fsh-generated/resources/StructureDefinition-fr-advance-directive-document.json	5128	5	0	116	0	0	0	0	0	47	0	0	1	0	0	0	0	1	0	0	206	539	0	0	0	6	0	1
fsh-generated/resources/StructureDefinition-fr-adverse-event-document.json	3810	6	0	763	0	0	0	0	0	21	0	0	0	1	0	0	0	0	0	0	114	271	0	0	0	4	0	0
fsh-generated/resources/StructureDefinition-fr-allergie-intolerance-document.json	4823	6	0	108	1	0	0	0	0	20	0	0	0	0	0	0	0	1	0	0	141	279	0	0	0	5	0	0
fsh-generated/resources/StructureDefinition-fr-author-time-extension.json	1471	6	0	101	0	0	0	0	0	11	0	0	0	0	0	0	0	0	0	0	40	113	0	0	0	0	0	1
fsh-generated/resources/StructureDefinition-fr-body-structure-document.json	977	5	0	84	0	0	0	0	0	13	0	0	0	0	0	0	0	0	0	0	59	155	0	0	0	2	0	0
fsh-generated/resources/StructureDefinition-fr-bundle-document.json	6837	6	0	940	0	0	0	0	0	52	0	0	0	0	0	0	0	2	0	0	565	1777	0	0	0	20	1	1
fsh-generated/resources/StructureDefinition-fr-care-plan-document.json	2911	6	0	50	0	0	0	0	1	23	0	0	1	0	0	0	0	1	0	0	169	594	0	0	0	6	0	1
fsh-generated/resources/StructureDefinition-fr-cda-assigned-author.json	6346	6	0	55	0	0	0	0	0	191	0	0	0	0	0	0	0	0	0	0	94	282	0	0	0	2	0	0
fsh-generated/resources/StructureDefinition-fr-cda-assigned-custodian.json	2600	6	0	18	0	0	0	0	0	20	0	0	0	0	0	0	0	0	0	0	48	180	0	0	0	1	0	0
fsh-generated/resources/StructureDefinition-fr-cda-assigned-entity.json	6024	6	0	21	0	0	0	0	0	28	0	0	0	0	0	0	0	0	0	0	101	236	0	0	0	3	0	0
fsh-generated/resources/StructureDefinition-fr-cda-assigned-person.json	3349	5	0	10	1	0	0	0	0	13	0	0	0	0	0	0	0	1	0	0	65	202	0	0	0	2	0	0
fsh-generated/resources/StructureDefinition-fr-cda-associated-entity.json	5042	9	0	37	0	0	0	0	0	15	0	0	0	0	0	0	0	0	0	0	78	221	0	0	0	2	0	0
fsh-generated/resources/StructureDefinition-fr-cda-authenticator.json	3757	6	0	16	0	0	0	0	0	13	0	0	0	0	0	0	0	0	0	0	73	210	0	0	0	2	0	0
fsh-generated/resources/StructureDefinition-fr-cda-author.json	4059	5	0	19	0	0	0	0	0	16	0	0	0	0	0	0	0	0	0	0	82	160	0	0	0	2	0	1
fsh-generated/resources/StructureDefinition-fr-cda-authoring-device.json	2535	6	0	8	0	0	0	0	0	11	0	0	0	0	0	0	0	0	0	0	52	124	0	0	0	1	0	0
fsh-generated/resources/StructureDefinition-fr-cda-authorization.json	3070	6	0	18	0	0	0	0	0	15	0	0	0	0	0	0	0	0	0	0	76	156	0	0	0	2	0	0
fsh-generated/resources/StructureDefinition-fr-cda-clinical-document.json	10683	6	0	148	0	0	0	0	0	19	0	0	0	0	0	0	0	1	0	0	111	159	0	0	0	3	1	0
fsh-generated/resources/StructureDefinition-fr-cda-component-of.json	2558	5	0	37	0	0	0	0	0	21	0	0	0	0	0	0	0	0	0	0	49	120	0	0	0	1	0	0
fsh-generated/resources/StructureDefinition-fr-cda-custodian.json	2503	6	0	11	0	0	0	0	0	20	0	0	0	0	0	0	0	0	0	0	50	127	0	0	0	1	0	0
fsh-generated/resources/StructureDefinition-fr-cda-data-enterer.json	3080	5	0	8	1	0	0	0	0	16	0	0	0	0	0	0	0	0	0	0	59	126	0	0	0	1	0	0
fsh-generated/resources/StructureDefinition-fr-cda-documentation-of.json	2778	6	0	9	0	0	0	0	0	13	0	0	0	0	0	0	0	0	0	0	51	117	0	0	0	1	0	0
fsh-generated/resources/StructureDefinition-fr-cda-encompassing-encounter.json	7022	6	0	11	0	0	0	0	0	21	0	0	1	0	0	0	0	0	0	0	132	191	0	0	0	4	0	0
fsh-generated/resources/StructureDefinition-fr-cda-encounter-participant.json	3079	5	0	8	0	0	0	0	0	15	0	0	0	0	0	0	0	0	0	0	53	137	0	0	0	1	0	1
fsh-generated/resources/StructureDefinition-fr-cda-health-care-facility.json	5686	6	0	12	0	0	0	0	0	17	0	0	0	0	0	0	0	0	0	0	108	184	0	0	0	3	0	0
fsh-generated/resources/StructureDefinition-fr-cda-inFulfillment-of.json	2415	6	0	8	0	0	0	0	0	11	0	0	0	0	0	0	0	0	0	0	46	113	0	0	0	1	0	0
fsh-generated/resources/StructureDefinition-fr-cda-informant.json	3425	5	0	10	0	0	0	0	0	20	0	0	0	0	0	0	0	1	0	0	55	114	0	0	0	1	0	0
fsh-generated/resources/StructureDefinition-fr-cda-information-recipient.json	2733	6	0	12	0	0	0	0	0	15	0	0	0	0	0	0	0	0	0	0	51	110	0	0	0	1	0	0
fsh-generated/resources/StructureDefinition-fr-cda-intended-recipient.json	4781	5	0	11	1	0	0	0	0	15	0	0	0	0	0	0	0	0	0	0	104	191	0	0	0	3	0	0
fsh-generated/resources/StructureDefinition-fr-cda-legal-authenticator.json	4286	6	0	11	0	0	0	0	0	17	0	0	0	0	0	0	0	0	0	0	102	172	0	0	0	3	0	0
fsh-generated/resources/StructureDefinition-fr-cda-name.json	2709	6	0	9	0	0	0	0	0	14	0	0	0	0	0	0	0	0	0	0	57	111	0	0	0	1	0	0
fsh-generated/resources/StructureDefinition-fr-cda-order.json	3357	6	0	8	0	0	0	0	0	13	0	0	0	0	0	0	0	0	0	0	72	120	0	0	0	2	0	0
fsh-generated/resources/StructureDefinition-fr-cda-parent-document.json	2635	5	0	9	0	0	0	0	0	11	0	0	0	0	0	0	0	0	0	0	57	133	0	0	0	1	0	1
fsh-generated/resources/StructureDefinition-fr-cda-participant.json	5151	6	0	9	0	0	0	0	0	14	0	0	0	0	0	0	0	1	0	0	97	138	0	0	0	2	1	0
fsh-generated/resources/StructureDefinition-fr-cda-patient-role.json	3851	6	0	9	0	0	0	0	0	13	0	0	0	0	0	0	0	0	0	0	75	116	0	0	0	2	0	0
fsh-generated/resources/StructureDefinition-fr-cda-patient.json	4704	6	0	10	0	0	0	0	0	15	0	0	0	0	0	0	0	0	0	0	97	155	0	0	0	3	0	0
fsh-generated/resources/StructureDefinition-fr-cda-performer.json	3199	5	0	10	1	0	0	0	0	13	0	0	0	0	0	0	0	0	0	0	78	154	0	0	0	2	0	0
fsh-generated/resources/StructureDefinition-fr-cda-record-target.json	2683	6	0	9	0	0	0	0	0	11	0	0	0	0	0	0	0	0	0	0	52	111	0	0	0	1	0	0
fsh-generated/resources/StructureDefinition-fr-cda-related-document.json	2929	5	0	8	0	0	0	0	0	10	0	0	0	0	0	0	0	0	0	0	52	109	0	1	0	1	0	0
fsh-generated/resources/StructureDefinition-fr-cda-related-entity.json	4547	6	0	9	0	0	0	0	0	14	0	0	1	0	0	0	0	1	0	0	84	131	0	0	0	2	0	0
fsh-generated/resources/StructureDefinition-fr-cda-represented-custodian-organization.json	4237	6	0	9	0	0	0	0	0	12	0	0	0	0	0	0	0	0	0	0	70	137	0	0	0	2	0	0
fsh-generated/resources/StructureDefinition-fr-cda-represented-organization.json	4414	5	0	9	0	0	0	0	0	13	0	0	0	0	0	0	0	0	0	0	76	137	0	0	0	2	0	1
fsh-generated/resources/StructureDefinition-fr-cda-service-event.json	8274	6	0	14	0	0	0	0	0	19	0	0	0	0	0	0	0	0	0	0	161	207	0	0	0	4	0	0
fsh-generated/resources/StructureDefinition-fr-comparison-studies-extension.json	1535	6	0	16	0	0	0	0	0	10	0	0	0	0	0	0	0	0	0	0	39	117	0	0	0	1	0	0
fsh-generated/resources/StructureDefinition-fr-composition-document.json	21277	7	0	67	1	0	0	0	0	66	0	0	0	0	0	0	0	3	0	0	602	1171	0	0	0	20	1	2
fsh-generated/resources/StructureDefinition-fr-condition-document.json	7367	6	0	75	0	0	0	0	0	28	0	0	1	0	0	0	0	0	0	0	218	5567	0	0	0	7	0	0
fsh-generated/resources/StructureDefinition-fr-device-auteur-document.json	1623	5	0	25	0	0	0	0	0	18	0	0	0	0	0	0	0	1	0	0	130	222	0	0	0	4	0	1
fsh-generated/resources/StructureDefinition-fr-device-request-document.json	7905	6	0	90	0	0	0	0	0	46	0	0	0	0	0	0	0	1	0	0	227	341	0	0	0	10	0	0
fsh-generated/resources/StructureDefinition-fr-device-use-statement-document.json	6247	6	0	46	0	0	0	0	1	32	0	0	0	0	0	0	0	0	0	0	151	233	0	0	0	5	0	1
fsh-generated/resources/StructureDefinition-fr-diagnostic-report-bio-chapter-document.json	6077	6	0	57	0	0	0	0	0	34	0	0	0	0	0	0	0	1	0	0	167	286	0	0	0	6	0	0
fsh-generated/resources/StructureDefinition-fr-diagnostic-report-document.json	5064	6	0	79	0	0	0	0	0	23	0	0	0	0	0	0	0	0	0	0	197	295	0	0	0	6	0	0
fsh-generated/resources/StructureDefinition-fr-diagnostic-report-imaging-document.json	9434	6	0	80	0	0	0	0	0	100	0	0	1	0	0	0	0	1	0	0	200	295	0	0	0	7	0	1
fsh-generated/resources/StructureDefinition-fr-document-reference-document.json	2885	5	0	70	1	0	0	0	0	18	0	0	0	0	0	0	0	1	0	0	158	260	0	0	0	5	0	0
fsh-generated/resources/StructureDefinition-fr-encounter-care-document.json	4529	6	0	43	0	0	0	0	0	33	0	0	0	0	0	1	0	1	0	0	285	464	0	0	0	10	0	1
fsh-generated/resources/StructureDefinition-fr-encounter-document.json	7205	6	0	109	0	0	0	0	0	35	0	0	0	0	0	0	0	1	0	0	291	692	0	0	0	10	0	1
fsh-generated/resources/StructureDefinition-fr-endpoint-wado-document.json	1713	5	0	35	0	0	0	0	0	13	0	0	0	0	0	0	0	0	0	0	83	195	0	0	0	2	0	0
fsh-generated/resources/StructureDefinition-fr-family-member-history-body-site-extension.json	1767	6	0	26	0	0	0	0	0	12	0	0	0	0	0	0	0	1	0	0	69	122	0	0	0	2	0	1
fsh-generated/resources/StructureDefinition-fr-family-member-history-document.json	6546	6	0	67	0	0	0	0	0	33	0	0	0	0	0	0	0	0	0	0	159	305	0	0	0	7	1	0
fsh-generated/resources/StructureDefinition-fr-human-name-document.json	1307	5	0	10	0	0	0	0	0	11	0	0	0	0	0	0	0	0	0	0	50	151	0	0	0	1	0	0
fsh-generated/resources/StructureDefinition-fr-imaging-procedure-extension.json	1565	5	0	12	0	0	0	0	1	10	0	0	0	0	0	0	0	0	0	0	42	122	0	0	0	1	0	0
fsh-generated/resources/StructureDefinition-fr-imaging-study-document.json	6932	6	0	51	1	0	0	0	0	22	0	0	0	0	0	0	0	1	0	0	170	385	0	0	0	5	0	1
fsh-generated/resources/StructureDefinition-fr-immunization-document.json	12115	6	0	90	0	0	0	0	0	52	0	0	0	0	0	0	0	1	0	0	329	700	0	0	0	11	0	1
fsh-generated/resources/StructureDefinition-fr-immunization-recommendation-document.json	6193	6	0	37	0	0	0	0	0	24	0	0	0	0	0	0	0	1	0	0	163	318	0	0	0	5	0	0
fsh-generated/resources/StructureDefinition-fr-immunization-type-extension.json	1690	6	0	11	0	0	0	0	0	11	0	0	0	0	0	0	0	0	0	0	41	109	0	0	0	1	0	0
fsh-generated/resources/StructureDefinition-fr-interpretation-extension.json	1692	5	0	8	0	0	0	0	0	10	0	0	0	0	0	0	0	0	0	0	39	99	0	0	0	1	0	0
fsh-generated/resources/StructureDefinition-fr-lm-accidents-transfusionnels.json	3754	6	0	10	0	0	0	0	0	11	0	0	0	0	0	0	0	0	0	0	47	101	0	0	0	1	0	0
fsh-generated/resources/StructureDefinition-fr-lm-acte-imagerie.json	3710	10	0	26	0	0	0	0	0	12	0	0	0	0	0	0	0	0	0	0	51	104	0	0	0	1	0	0
fsh-generated/resources/StructureDefinition-fr-lm-acte-substitution.json	1714	8	0	8	1	0	0	0	0	10	0	0	1	0	0	0	0	0	0	0	34	105	0	0	0	1	0	0
fsh-generated/resources/StructureDefinition-fr-lm-acte.json	7272	6	1	12	0	0	0	0	0	30	0	0	0	0	0	0	0	0	0	0	71	137	0	0	0	1	0	0
fsh-generated/resources/StructureDefinition-fr-lm-addendum.json	1891	5	0	10	0	0	0	0	0	11	0	0	0	0	0	0	0	0	0	0	40	110	0	0	0	1	0	0
fsh-generated/resources/StructureDefinition-fr-lm-administration-de-derives-du-sang.json	3908	6	0	10	0	0	0	0	0	11	0	0	0	0	0	0	0	0	0	0	48	114	0	0	0	1	0	0
fsh-generated/resources/StructureDefinition-fr-lm-administration-produit-de-sante.json	6016	6	0	12	0	0	0	0	0	16	0	0	0	0	0	0	0	0	0	0	69	134	0	0	0	2	0	0
fsh-generated/resources/StructureDefinition-fr-lm-allergie-ou-hypersensibilite.json	5392	5	0	11	0	0	0	0	0	13	0	0	0	0	0	0	0	0	0	0	58	145	0	0	0	1	0	0
fsh-generated/resources/StructureDefinition-fr-lm-allergies-et-hypersensibilites.json	2453	7	0	10	0	0	0	0	0	10	0	0	0	0	0	0	0	0	0	0	40	159	0	0	0	1	0	1
fsh-generated/resources/StructureDefinition-fr-lm-antecedent-familial-observe.json	4790	11	0	10	1	0	0	0	0	11	0	0	0	0	0	0	0	0	0	0	58	137	0	0	0	1	0	0
fsh-generated/resources/StructureDefinition-fr-lm-antecedents-familiaux-entree.json	2816	8	0	10	0	0	0	0	0	11	0	0	0	0	0	0	0	0	0	0	42	102	0	0	0	1	0	0
fsh-generated/resources/StructureDefinition-fr-lm-antecedents-familiaux.json	2061	6	0	10	0	0	0	0	0	10	0	0	0	0	0	0	0	1	0	0	38	101	0	0	0	1	0	0
fsh-generated/resources/StructureDefinition-fr-lm-antecedents-medicaux.json	2136	6	0	9	0	0	0	0	0	11	0	0	0	0	0	0	0	0	0	0	40	102	0	0	0	0	0	0
fsh-generated/resources/StructureDefinition-fr-lm-auteur-apsr.json	1085	6	0	20	0	0	0	0	0	10	0	0	0	0	0	0	0	0	0	0	30	101	0	0	0	1	0	0
fsh-generated/resources/StructureDefinition-fr-lm-auteur.json	2831	5	0	0	0	0	0	0	0	11	0	0	0	0	0	0	0	0	0	0	42	100	0	0	0	1	0	0
fsh-generated/resources/StructureDefinition-fr-lm-autorisation-exposition.json	1843	6	0	8	0	0	0	0	0	11	0	0	0	0	0	0	0	0	0	0	32	93	0	0	0	0	0	0
fsh-generated/resources/StructureDefinition-fr-lm-autorisation-substitution.json	1990	5	0	9	1	0	0	0	0	9	0	0	0	0	0	0	0	0	0	0	34	93	0	0	0	1	0	0
fsh-generated/resources/StructureDefinition-fr-lm-batterie-examens-biologie-medicale.json	6983	6	0	11	0	0	0	0	0	13	0	0	0	0	0	0	0	0	0	0	67	129	0	0	0	1	0	0
fsh-generated/resources/StructureDefinition-fr-lm-certitude.json	2915	6	0	9	0	0	0	0	0	15	0	0	0	0	0	0	0	0	0	0	44	101	0	0	0	1	0	0
fsh-generated/resources/StructureDefinition-fr-lm-codes-a-barres.json	1835	10	0	9	0	0	0	0	0	10	0	0	0	0	0	0	0	0	0	0	36	96	0	0	0	1	0	0
fsh-generated/resources/StructureDefinition-fr-lm-commentaire-er.json	2463	10	0	8	0	0	0	0	0	10	0	0	0	0	0	0	0	0	0	0	38	96	0	0	0	0	0	0
fsh-generated/resources/StructureDefinition-fr-lm-commentaire-non-code.json	1570	10	0	9	0	0	0	0	0	10	0	0	0	0	0	0	0	0	0	0	35	96	0	0	0	1	0	0
fsh-generated/resources/StructureDefinition-fr-lm-comparaison-examens-imagerie.json	1852	11	0	9	0	0	0	0	0	10	0	0	0	0	0	0	0	0	0	0	36	96	0	0	0	1	0	0
fsh-generated/resources/StructureDefinition-fr-lm-complications-acte.json	1705	9	0	11	0	0	0	0	0	10	0	0	0	0	0	0	0	0	0	0	38	94	0	0	0	0	0	0
fsh-generated/resources/StructureDefinition-fr-lm-conclusion-examen-imagerie.json	1812	6	0	9	1	0	0	0	0	10	0	0	0	0	0	0	0	0	0	0	36	95	0	0	0	1	0	0
fsh-generated/resources/StructureDefinition-fr-lm-consentement.json	2265	6	0	8	0	0	0	0	0	9	0	0	0	0	0	0	0	0	0	0	36	94	0	1	0	1	0	0
fsh-generated/resources/StructureDefinition-fr-lm-corps-document.json	22236	6	0	17	0	0	0	0	0	19	0	0	0	0	0	0	0	0	0	0	160	194	0	0	0	4	0	0
fsh-generated/resources/StructureDefinition-fr-lm-cr-bio-chapitre.json	3215	6	0	11	0	0	0	0	0	10	0	0	0	0	0	0	0	0	0	0	45	114	0	0	0	1	0	0
fsh-generated/resources/StructureDefinition-fr-lm-cr-bio-sous-chapitre.json	2365	6	0	12	0	0	0	0	0	10	0	0	0	0	0	0	0	0	0	0	38	149	0	0	0	1	0	0
fsh-generated/resources/StructureDefinition-fr-lm-criticite.json	2915	6	0	9	0	0	0	0	0	10	0	0	0	0	0	0	0	1	0	0	42	100	0	0	0	0	0	0
fsh-generated/resources/StructureDefinition-fr-lm-demande-examen-imagerie.json	1772	6	0	9	1	0	0	0	0	9	0	0	0	0	0	0	0	0	0	0	38	96	0	0	0	1	0	0
fsh-generated/resources/StructureDefinition-fr-lm-demande-examen-ou-suivi.json	4728	5	0	12	0	0	0	0	0	10	0	0	0	0	0	0	0	0	0	0	53	106	0	0	0	1	0	0
fsh-generated/resources/StructureDefinition-fr-lm-destinataire-prevu.json	2284	6	0	8	0	0	0	0	0	10	0	0	0	0	0	0	0	0	0	0	32	94	0	0	0	1	0	1
fsh-generated/resources/StructureDefinition-fr-lm-directive-anticipee.json	5236	5	0	10	0	0	0	0	0	11	0	0	0	0	0	0	0	0	0	0	57	110	0	0	0	1	0	0
fsh-generated/resources/StructureDefinition-fr-lm-directives-anticipees.json	2057	6	0	10	0	0	0	0	0	10	0	0	0	0	0	0	0	0	0	0	41	95	0	0	0	1	0	0
fsh-generated/resources/StructureDefinition-fr-lm-dispensation-medicaments.json	2632	5	0	11	0	0	0	0	0	9	0	0	0	0	0	0	0	0	0	0	43	98	0	0	0	0	0	0
fsh-generated/resources/StructureDefinition-fr-lm-dispositif-medical-entree.json	6442	6	0	11	0	0	0	0	0	12	0	0	0	0	0	0	0	0	0	0	69	110	0	0	0	2	0	0
fsh-generated/resources/StructureDefinition-fr-lm-dispositif-medical.json	2399	5	0	10	1	0	0	0	0	9	0	0	0	0	0	0	0	0	0	0	44	104	0	0	0	1	0	0
fsh-generated/resources/StructureDefinition-fr-lm-dispositifs-medicaux.json	2034	6	0	10	0	0	0	0	0	10	0	0	0	0	0	0	0	0	0	0	39	95	0	0	0	1	0	0
fsh-generated/resources/StructureDefinition-fr-lm-document-attache.json	4637	5	0	10	0	0	0	0	0	11	0	0	0	0	0	0	0	0	0	0	54	120	0	0	1	1	0	0
fsh-generated/resources/StructureDefinition-fr-lm-document-pdf-copie.json	2143	6	0	10	0	0	0	0	0	10	0	0	0	0	0	0	0	0	0	0	39	110	0	0	0	1	0	0
fsh-generated/resources/StructureDefinition-fr-lm-document-reference.json	1936	5	0	11	0	0	0	0	0	9	0	0	0	0	0	0	0	0	0	0	33	89	0	0	0	0	0	0
fsh-generated/resources/StructureDefinition-fr-lm-documents-ajoutes.json	2388	6	0	10	0	0	0	0	0	9	0	0	0	0	0	0	0	0	0	0	40	96	0	0	0	1	0	0
fsh-generated/resources/StructureDefinition-fr-lm-dose-antigene.json	2063	5	0	8	0	0	0	0	0	10	0	0	0	0	0	0	0	0	0	0	35	92	0	0	0	1	0	0
fsh-generated/resources/StructureDefinition-fr-lm-echantillon-preleve.json	2438	6	0	10	1	0	0	0	0	9	0	0	0	0	0	0	0	0	0	0	37	95	0	0	0	0	0	0
fsh-generated/resources/StructureDefinition-fr-lm-education-patient.json	2660	6	0	11	0	0	0	0	0	11	0	0	0	0	0	0	0	0	0	0	43	99	0	0	0	1	0	0
fsh-generated/resources/StructureDefinition-fr-lm-effet-indesirable.json	5660	6	0	11	0	0	0	0	0	13	0	0	0	0	0	0	0	0	0	0	59	107	0	0	0	1	0	0
fsh-generated/resources/StructureDefinition-fr-lm-effets-indesirables.json	2145	5	0	10	0	0	0	0	0	10	0	0	0	0	0	0	0	0	0	0	39	94	0	0	0	1	0	0
fsh-generated/resources/StructureDefinition-fr-lm-en-rapport-avec-accident-travail.json	3824	6	0	10	0	0	0	0	0	16	0	0	0	0	0	0	0	1	0	0	48	98	0	0	0	1	0	0
fsh-generated/resources/StructureDefinition-fr-lm-en-rapport-avec-ald.json	3621	5	0	10	0	0	0	0	0	10	0	0	0	0	0	0	0	0	0	0	45	98	0	0	0	1	0	0
fsh-generated/resources/StructureDefinition-fr-lm-en-rapport-avec-la-prevention.json	3740	6	0	9	0	0	0	0	0	10	0	0	0	0	0	0	0	0	0	0	47	99	0	0	0	1	0	0
fsh-generated/resources/StructureDefinition-fr-lm-entete-document.json	11475	6	0	13	1	0	0	0	0	15	0	0	0	0	0	0	0	0	0	0	94	130	0	0	0	2	0	0
fsh-generated/resources/StructureDefinition-fr-lm-evaluation-composant-n2.json	3990	6	0	12	0	0	0	0	0	11	0	0	1	0	0	0	0	0	0	0	48	100	0	0	0	1	0	0
fsh-generated/resources/StructureDefinition-fr-lm-evaluation-composant.json	4343	5	0	10	0	0	0	0	0	11	0	0	0	0	0	0	0	0	0	0	51	101	0	0	0	1	0	0
fsh-generated/resources/StructureDefinition-fr-lm-evaluation.json	6058	6	0	13	0	0	0	0	0	16	0	0	0	0	0	0	0	0	0	0	64	112	0	0	0	2	0	1
fsh-generated/resources/StructureDefinition-fr-lm-evenement-indesirable-pendant-hospitalisation.json	4340	5	0	14	0	0	0	0	0	11	0	0	0	0	0	0	0	0	0	0	49	99	0	0	0	1	0	0
fsh-generated/resources/StructureDefinition-fr-lm-evenement.json	6881	6	0	12	0	0	0	0	0	12	0	0	0	0	0	0	0	0	0	0	69	113	0	0	0	1	0	0
fsh-generated/resources/StructureDefinition-fr-lm-evenements-indesirables-suite-administration-derives-sang.json	4704	6	0	11	1	0	0	0	0	10	0	0	0	0	0	0	0	0	0	0	51	100	0	0	0	1	0	0
fsh-generated/resources/StructureDefinition-fr-lm-evolution-effet-indesirable.json	2523	5	0	9	0	0	0	0	0	10	0	0	0	0	0	0	0	0	0	0	38	98	0	0	0	1	0	0
fsh-generated/resources/StructureDefinition-fr-lm-examen-imagerie.json	3235	6	0	15	0	0	0	0	0	11	0	0	0	0	0	0	0	0	0	0	44	99	0	0	0	1	0	0
fsh-generated/resources/StructureDefinition-fr-lm-exposition-radiations.json	3167	5	0	12	0	0	0	0	0	11	0	0	0	0	0	0	0	0	0	0	45	98	0	0	0	1	0	0
fsh-generated/resources/StructureDefinition-fr-lm-facteurs-de-risque-professionnels-non-code.json	1863	6	0	11	0	0	0	0	0	10	0	0	0	0	0	0	0	1	0	0	36	93	0	0	0	0	0	0
fsh-generated/resources/StructureDefinition-fr-lm-fonctions-physiques.json	2360	5	0	12	0	0	0	0	0	9	0	0	0	0	0	0	0	0	0	0	41	96	0	0	0	1	0	0
fsh-generated/resources/StructureDefinition-fr-lm-gravite-effet-indesirable.json	2513	6	0	10	0	0	0	0	0	10	0	0	0	0	0	0	0	0	0	0	38	92	0	0	0	1	0	0
fsh-generated/resources/StructureDefinition-fr-lm-group-de-questionnaires-devaluation.json	3121	10	0	9	1	0	0	0	0	9	0	0	0	0	0	0	0	0	0	0	41	95	0	0	0	1	0	0
fsh-generated/resources/StructureDefinition-fr-lm-habitus-mode-de-vie-entree.json	4407	9	0	14	0	0	0	0	0	12	0	0	0	0	0	0	0	0	0	0	65	124	0	0	0	1	0	0
fsh-generated/resources/StructureDefinition-fr-lm-habitus-mode-de-vie.json	2041	6	0	9	0	0	0	0	0	10	0	0	0	0	0	0	0	0	0	0	40	94	0	0	0	1	0	0
fsh-generated/resources/StructureDefinition-fr-lm-historique-des-actes.json	2491	5	0	10	0	0	0	0	0	10	0	0	0	0	0	0	0	0	0	0	41	95	0	0	0	1	0	0
fsh-generated/resources/StructureDefinition-fr-lm-historique-des-grossesses.json	2322	6	0	14	0	0	0	0	0	9	0	0	0	0	0	0	0	0	0	0	42	93	0	0	0	0	0	0
fsh-generated/resources/StructureDefinition-fr-lm-historique-grossesse.json	3643	6	0	8	0	0	0	0	0	11	0	0	0	0	0	0	0	0	0	0	51	100	0	0	0	2	0	0
fsh-generated/resources/StructureDefinition-fr-lm-hors-amm.json	3379	5	0	10	0	0	0	0	0	10	0	0	0	0	0	0	0	0	0	0	45	97	0	0	0	0	0	0
fsh-generated/resources/StructureDefinition-fr-lm-identification-de-micro-organismes-multiresistants.json	4444	6	0	10	1	0	0	0	0	10	0	0	0	0	0	0	0	1	0	0	49	102	0	0	0	1	0	0
fsh-generated/resources/StructureDefinition-fr-lm-image-illustrative.json	5709	6	0	13	0	0	0	0	0	12	0	0	0	0	0	0	0	0	0	0	62	113	0	0	0	2	0	0
fsh-generated/resources/StructureDefinition-fr-lm-imputabilite-effet-indesirable.json	2623	5	0	14	0	0	0	0	0	9	0	0	0	0	0	0	0	0	0	0	38	94	0	0	0	1	0	0
fsh-generated/resources/StructureDefinition-fr-lm-informant-apsr.json	1128	6	0	28	0	0	0	0	0	9	0	0	0	0	0	0	0	0	0	0	28	87	0	0	0	0	0	0
fsh-generated/resources/StructureDefinition-fr-lm-informateur.json	1805	5	0	0	0	0	0	0	0	8	0	0	0	0	0	0	0	0	0	0	31	90	0	0	0	1	0	0
fsh-generated/resources/StructureDefinition-fr-lm-informations-cliniques.json	5256	6	0	11	0	0	0	0	0	11	0	0	0	0	0	0	0	0	0	0	60	106	0	0	0	1	0	1
fsh-generated/resources/StructureDefinition-fr-lm-instruction-au-patient.json	3383	6	0	9	0	0	0	0	0	10	0	0	0	0	0	0	0	0	0	0	44	98	0	0	0	1	0	0
fsh-generated/resources/StructureDefinition-fr-lm-instructions-au-dispensateur.json	2758	11	0	9	1	0	0	0	0	10	0	0	0	0	0	0	0	0	0	0	40	93	0	0	0	0	0	0
fsh-generated/resources/StructureDefinition-fr-lm-instructions-patient.json	3022	6	0	8	0	0	0	0	0	9	0	0	0	0	0	0	0	0	0	0	41	93	0	0	0	1	0	0
fsh-generated/resources/StructureDefinition-fr-lm-isolat-microbiologique.json	9992	6	0	14	0	0	0	0	0	13	0	0	0	0	0	0	0	1	0	0	87	120	0	0	0	2	0	0
fsh-generated/resources/StructureDefinition-fr-lm-laboratoire-executant.json	1697	6	0	8	0	0	0	0	0	9	0	0	0	0	0	0	0	0	0	0	33	90	0	0	0	1	0	0
fsh-generated/resources/StructureDefinition-fr-lm-modalite-entree.json	3609	5	0	10	0	0	0	0	0	10	0	0	0	0	0	0	0	0	0	0	45	101	0	0	0	1	0	0
fsh-generated/resources/StructureDefinition-fr-lm-modalite-sortie.json	3646	6	0	9	0	0	0	0	0	11	0	0	0	0	0	0	0	0	0	0	47	102	0	0	0	1	0	0
fsh-generated/resources/StructureDefinition-fr-lm-naissance.json	3081	5	0	9	1	0	0	0	0	9	0	0	0	0	0	0	0	0	0	0	42	96	0	0	0	1	0	0
fsh-generated/resources/StructureDefinition-fr-lm-non-remboursable.json	3419	6	0	12	0	0	0	0	0	10	0	0	0	0	0	0	0	0	0	0	45	98	0	0	0	1	0	0
fsh-generated/resources/StructureDefinition-fr-lm-notes-dispensateur.json	2589	5	0	9	0	0	0	0	0	9	0	0	0	0	0	0	0	0	0	0	38	94	0	0	0	0	0	0
fsh-generated/resources/StructureDefinition-fr-lm-object-catalog.json	1919	6	0	10	0	0	0	0	0	10	0	0	0	0	0	0	0	0	0	0	38	93	0	0	0	1	0	0
fsh-generated/resources/StructureDefinition-fr-lm-observation-grossesse.json	3218	5	0	8	0	0	0	0	0	9	0	0	0	0	0	0	0	0	0	0	43	98	0	0	0	1	0	0
fsh-generated/resources/StructureDefinition-fr-lm-observation-result.json	5611	6	0	10	0	0	0	0	0	11	0	0	0	0	0	0	0	0	0	0	59	106	0	0	0	1	0	0
fsh-generated/resources/StructureDefinition-fr-lm-observation.json	5014	5	0	13	1	0	0	0	0	11	0	0	1	0	0	0	0	0	0	0	56	107	0	0	0	1	0	0
fsh-generated/resources/StructureDefinition-fr-lm-operateur-saisie.json	1927	6	0	11	0	0	0	0	0	8	0	0	0	0	0	0	0	0	0	0	34	89	0	0	0	1	0	0
fsh-generated/resources/StructureDefinition-fr-lm-participant-apsr.json	5185	5	0	16	0	0	0	0	0	12	0	0	0	0	0	0	0	0	0	0	77	129	0	0	0	2	0	0
fsh-generated/resources/StructureDefinition-fr-lm-participant-corps.json	7923	6	0	21	0	0	0	0	0	13	0	0	0	0	0	0	0	1	0	0	106	150	0	0	0	2	0	0
fsh-generated/resources/StructureDefinition-fr-lm-participant.json	2666	6	0	9	0	0	0	0	0	10	0	0	0	0	0	0	0	0	0	0	42	93	0	0	0	1	0	1
fsh-generated/resources/StructureDefinition-fr-lm-patient-sujet-non-humain.json	1787	5	0	9	0	0	0	0	0	8	0	0	0	0	0	0	0	0	0	0	33	89	0	0	0	1	0	0
fsh-generated/resources/StructureDefinition-fr-lm-patient-usager.json	16789	6	0	20	1	0	0	0	0	20	0	0	0	0	0	0	0	0	0	0	148	214	0	0	0	4	0	0
fsh-generated/resources/StructureDefinition-fr-lm-performer.json	1824	5	0	9	0	0	0	0	0	10	0	0	0	0	0	0	0	0	0	0	36	95	0	0	0	1	0	0
fsh-generated/resources/StructureDefinition-fr-lm-periode-de-renouvellement.json	1581	6	0	8	0	0	0	0	0	9	0	0	0	0	0	0	0	0	0	0	34	90	0	0	0	0	0	0
fsh-generated/resources/StructureDefinition-fr-lm-personne-structure-auteur.json	7778	6	0	11	0	0	0	0	0	12	0	0	0	0	0	0	0	0	0	0	74	123	0	0	0	2	0	0
fsh-generated/resources/StructureDefinition-fr-lm-personne-structure.json	7587	5	0	12	0	0	0	0	0	12	0	0	0	0	0	0	0	0	0	0	76	126	0	0	0	2	0	0
fsh-generated/resources/StructureDefinition-fr-lm-plan-soins.json	3527	6	0	10	1	0	0	0	0	11	0	0	0	0	0	0	0	0	0	0	49	105	0	0	0	1	0	0
fsh-generated/resources/StructureDefinition-fr-lm-points-de-vigilances-non-code.json	1862	5	0	10	0	0	0	0	0	10	0	0	0	0	0	0	0	0	0	0	38	96	0	0	0	1	0	0
fsh-generated/resources/StructureDefinition-fr-lm-prelevement.json	4147	6	0	9	0	0	0	0	0	11	0	0	0	0	0	0	0	1	0	0	50	108	0	0	0	1	0	0
fsh-generated/resources/StructureDefinition-fr-lm-prescription-dispositifs-medicaux.json	2705	5	0	10	0	0	0	0	0	10	0	0	0	0	0	0	0	0	0	0	42	102	0	0	0	0	0	0
fsh-generated/resources/StructureDefinition-fr-lm-prescription-entree.json	3450	6	0	9	0	0	0	0	0	11	0	0	0	0	0	0	0	0	0	0	45	101	0	0	0	1	0	0
fsh-generated/resources/StructureDefinition-fr-lm-prescription-medicaments.json	2522	5	0	9	0	0	0	0	0	10	0	0	0	0	0	0	0	0	0	0	42	102	0	0	0	1	0	0
fsh-generated/resources/StructureDefinition-fr-lm-prescription.json	1896	10	0	8	0	0	0	0	0	9	0	0	0	0	0	0	0	0	0	0	33	92	0	0	0	1	0	0
fsh-generated/resources/StructureDefinition-fr-lm-prise-en-charge.json	9593	7	0	13	1	0	0	0	0	13	0	0	0	0	0	0	0	0	0	0	90	138	0	0	0	2	0	0
fsh-generated/resources/StructureDefinition-fr-lm-probleme.json	7276	6	0	11	0	0	0	0	0	13	0	0	0	0	0	0	0	0	0	0	78	141	0	0	0	2	0	0
fsh-generated/resources/StructureDefinition-fr-lm-problemes-actifs.json	2056	6	0	9	0	0	0	0	0	10	0	0	0	0	0	0	0	0	0	0	39	114	0	0	0	1	0	1
fsh-generated/resources/StructureDefinition-fr-lm-produit-sante.json	4690	8	0	11	0	0	0	0	0	12	0	0	0	0	0	0	0	0	0	0	61	121	0	0	0	1	0	0
fsh-generated/resources/StructureDefinition-fr-lm-quantite-exposition.json	4781	5	0	12	0	0	0	0	0	12	0	0	0	0	0	0	0	1	0	0	69	150	0	0	0	2	1	0
fsh-generated/resources/StructureDefinition-fr-lm-quantite-produit.json	1744	6	0	8	0	0	0	0	0	9	0	0	0	0	0	0	0	0	0	0	39	89	0	0	0	0	0	0
fsh-generated/resources/StructureDefinition-fr-lm-raison-recommandation-non-code.json	1737	5	0	11	0	0	0	0	0	9	0	0	0	0	0	0	0	0	0	0	37	92	0	0	0	1	0	0
fsh-generated/resources/StructureDefinition-fr-lm-raison-recommandation.json	2458	6	0	10	1	0	0	0	0	10	0	0	0	0	0	0	0	0	0	0	40	97	0	0	0	1	0	0
fsh-generated/resources/StructureDefinition-fr-lm-rang-vaccination.json	4592	5	0	10	0	0	0	0	0	10	0	0	0	0	0	0	0	0	0	0	55	106	0	0	0	1	0	0
fsh-generated/resources/StructureDefinition-fr-lm-recherche-de-micro-organismes.json	3805	6	0	9	0	0	0	0	0	10	0	0	0	0	0	0	0	0	0	0	48	100	0	0	0	1	0	0
fsh-generated/resources/StructureDefinition-fr-lm-reference-interne.json	2116	5	0	10	0	0	0	0	0	9	0	0	0	0	0	0	0	0	0	0	35	90	0	0	0	0	0	0
fsh-generated/resources/StructureDefinition-fr-lm-reference-item-plan-traitement.json	4586	6	0	10	0	0	0	0	0	10	0	0	0	0	0	0	0	0	0	0	53	101	0	0	0	1	0	0
fsh-generated/resources/StructureDefinition-fr-lm-reference-item-prescription.json	4577	5	0	9	0	0	0	0	0	11	0	0	0	0	0	0	0	0	0	0	51	103	0	1	0	1	0	0
fsh-generated/resources/StructureDefinition-fr-lm-references-externes.json	3841	6	0	9	1	0	0	0	0	11	0	0	1	0	0	0	0	0	0	0	48	100	0	0	0	1	0	0
fsh-generated/resources/StructureDefinition-fr-lm-rencontre.json	4628	6	0	9	0	0	0	0	0	10	0	0	0	0	0	0	0	0	0	0	55	103	0	0	0	2	0	0
fsh-generated/resources/StructureDefinition-fr-lm-responsable.json	2818	5	0	8	0	0	0	0	0	9	0	0	0	0	0	0	0	0	0	0	37	90	0	0	0	0	0	0
fsh-generated/resources/StructureDefinition-fr-lm-resultat-examens-biologie-element-clinique-pertinent.json	10355	6	0	17	0	0	0	0	0	13	0	0	0	0	0	0	0	0	0	0	86	121	0	0	0	2	0	0
fsh-generated/resources/StructureDefinition-fr-lm-resultats-entree.json	3471	6	0	11	0	0	0	0	0	10	0	0	0	0	0	0	0	0	0	0	46	97	0	0	0	1	0	0
fsh-generated/resources/StructureDefinition-fr-lm-resultats-evenements.json	2761	5	0	9	0	0	0	0	0	10	0	0	0	0	0	0	0	0	0	0	44	96	0	0	0	1	0	0
fsh-generated/resources/StructureDefinition-fr-lm-resultats-examen-imagerie.json	1808	6	0	9	0	0	0	0	0	10	0	0	0	0	0	0	0	0	0	0	38	92	0	0	0	1	0	0
fsh-generated/resources/StructureDefinition-fr-lm-resultats-examens-biologie-medicale.json	8428	8	0	10	1	0	0	0	0	12	0	0	0	0	0	0	0	0	0	0	76	113	0	0	0	1	0	0
fsh-generated/resources/StructureDefinition-fr-lm-resultats-examens-non-code.json	1669	5	0	9	0	0	0	0	0	9	0	0	0	0	0	0	0	1	0	0	36	91	0	0	0	1	0	0
fsh-generated/resources/StructureDefinition-fr-lm-resultats-examens.json	2684	6	0	9	0	0	0	0	0	10	0	0	0	0	0	0	0	0	0	0	43	96	0	0	0	1	0	0
fsh-generated/resources/StructureDefinition-fr-lm-resultats-laboratoire-biologie-seconde-intention.json	2799	6	0	9	0	0	0	0	0	9	0	0	0	0	0	0	0	0	0	0	42	96	0	0	0	1	0	1
fsh-generated/resources/StructureDefinition-fr-lm-resultats.json	1833	6	0	9	0	0	0	0	0	9	0	0	0	0	0	0	0	0	0	0	40	94	0	0	0	0	0	0
fsh-generated/resources/StructureDefinition-fr-lm-section.json	2441	5	0	0	0	0	0	0	0	10	0	0	0	0	0	0	0	0	0	0	39	94	0	0	0	1	0	0
fsh-generated/resources/StructureDefinition-fr-lm-serie-imagerie.json	4065	6	0	9	1	0	0	0	0	10	0	0	0	0	0	0	0	0	0	0	51	100	0	0	0	1	0	0
fsh-generated/resources/StructureDefinition-fr-lm-severite.json	2632	6	0	8	0	0	0	0	0	10	0	0	0	0	0	0	0	0	0	0	40	94	0	0	0	1	0	0
fsh-generated/resources/StructureDefinition-fr-lm-signe-vital-observe.json	4575	6	0	9	0	0	0	0	0	10	0	0	0	0	0	0	0	0	0	0	54	102	0	0	0	1	0	0
fsh-generated/resources/StructureDefinition-fr-lm-signe-vital.json	3025	5	0	8	0	0	0	0	0	10	0	0	0	0	0	0	0	0	0	0	42	96	0	0	0	1	0	0
fsh-generated/resources/StructureDefinition-fr-lm-signes-vitaux.json	2025	6	0	9	0	0	0	0	0	10	0	0	0	0	0	0	0	0	0	0	43	94	0	0	0	0	0	0
fsh-generated/resources/StructureDefinition-fr-lm-sop-instance.json	3070	5	0	8	0	0	0	0	0	9	0	0	0	0	0	0	0	0	0	0	44	101	0	0	0	1	0	0
fsh-generated/resources/StructureDefinition-fr-lm-statut-clinique-patient.json	2667	6	0	8	0	0	0	0	0	10	0	0	0	0	0	0	0	0	0	0	38	94	0	0	0	1	0	0
fsh-generated/resources/StructureDefinition-fr-lm-statut-document-entree.json	3700	5	0	9	1	0	0	0	0	10	0	0	0	0	0	0	0	0	0	0	48	100	0	0	0	1	0	0
fsh-generated/resources/StructureDefinition-fr-lm-statut-document.json	2108	6	0	9	0	0	0	0	0	9	0	0	0	0	0	0	0	0	0	0	40	94	0	0	0	1	0	0
fsh-generated/resources/StructureDefinition-fr-lm-statut-fonctionnel.json	2830	6	0	9	0	0	0	0	0	10	0	0	0	0	0	0	0	0	0	0	44	99	0	0	0	0	0	0
fsh-generated/resources/StructureDefinition-fr-lm-statut-probleme.json	2462	5	0	9	0	0	0	0	0	9	0	0	0	0	0	0	0	0	0	0	39	93	0	0	0	1	0	0
fsh-generated/resources/StructureDefinition-fr-lm-statut.json	3182	6	0	10	0	0	0	0	0	10	0	0	0	0	0	0	0	0	0	0	45	98	0	0	0	1	0	0
fsh-generated/resources/StructureDefinition-fr-lm-structure-conservation.json	3209	7	0	8	0	0	0	0	0	10	0	0	0	0	0	0	0	0	0	0	44	95	0	0	0	1	0	0
fsh-generated/resources/StructureDefinition-fr-lm-sujet-non-humain.json	1656	6	0	8	1	0	0	0	0	9	0	0	0	0	0	0	0	0	0	0	33	90	0	0	0	0	0	0
fsh-generated/resources/StructureDefinition-fr-lm-sujet.json	5782	5	0	23	0	0	0	0	0	12	0	0	0	0	0	0	0	1	0	0	80	130	0	0	0	2	0	0
fsh-generated/resources/StructureDefinition-fr-lm-synthese-medicale-sejour.json	3745	6	0	18	0	0	0	0	0	10	0	0	0	0	0	0	0	0	0	0	51	98	0	0	0	1	0	0
fsh-generated/resources/StructureDefinition-fr-lm-systeme-structure-auteur.json	5160	5	0	19	0	0	0	0	0	11	0	0	0	0	0	0	0	0	0	0	58	104	0	0	0	1	0	0
fsh-generated/resources/StructureDefinition-fr-lm-technique-imagerie.json	5161	6	0	23	0	0	0	0	0	12	0	0	0	0	0	0	0	0	0	0	72	136	0	0	0	2	0	0
fsh-generated/resources/StructureDefinition-fr-lm-traitement-dispense.json	5172	6	0	19	0	0	0	0	0	11	0	0	0	0	0	0	0	0	0	0	54	105	0	0	0	1	0	1
fsh-generated/resources/StructureDefinition-fr-lm-traitement-prescrit-subordonne.json	4293	5	0	16	0	0	0	0	0	10	0	0	0	0	0	0	0	0	0	0	55	103	0	0	0	1	0	0
fsh-generated/resources/StructureDefinition-fr-lm-traitement-prescrit.json	13326	6	0	24	1	0	0	0	0	15	0	0	0	0	0	0	0	0	0	0	118	154	0	0	0	4	0	0
fsh-generated/resources/StructureDefinition-fr-lm-traitement-sortie.json	1972	6	0	17	0	0	0	0	0	10	0	0	0	0	0	0	0	0	0	0	37	95	0	0	0	0	0	0
fsh-generated/resources/StructureDefinition-fr-lm-traitement-subordonne.json	4060	6	0	11	0	0	0	0	0	10	0	0	0	0	0	0	0	0	0	0	49	103	0	0	0	1	0	0
fsh-generated/resources/StructureDefinition-fr-lm-traitement.json	7428	6	0	11	0	0	0	0	0	13	0	0	0	0	0	0	0	0	0	0	78	127	0	0	0	2	0	0
fsh-generated/resources/StructureDefinition-fr-lm-traitements-administres.json	2052	5	0	9	0	0	1	0	0	10	0	0	1	0	0	0	0	0	0	0	39	98	0	0	0	1	0	0
fsh-generated/resources/StructureDefinition-fr-lm-traitements.json	1971	6	0	8	0	0	0	0	0	9	0	0	0	0	0	0	0	0	0	0	43	95	0	0	0	1	0	0
fsh-generated/resources/StructureDefinition-fr-lm-transfert-du-patient.json	3175	6	0	9	1	0	0	0	0	10	0	0	0	0	0	0	0	0	0	0	44	124	0	0	0	0	0	0
fsh-generated/resources/StructureDefinition-fr-lm-transfusion-de-produits-sanguins.json	3865	5	0	8	0	0	0	0	0	11	0	0	0	0	0	0	0	1	0	0	47	104	0	0	0	1	0	0
fsh-generated/resources/StructureDefinition-fr-lm-vaccin-recommande.json	5733	6	0	10	0	0	0	0	0	12	0	0	0	0	0	0	0	0	0	0	61	114	0	0	0	2	0	0
fsh-generated/resources/StructureDefinition-fr-lm-vaccination.json	6189	8	0	12	0	0	0	0	0	11	0	0	0	0	0	0	0	0	0	0	65	114	0	0	0	1	0	0
fsh-generated/resources/StructureDefinition-fr-lm-vaccinations.json	1872	5	0	8	0	0	0	0	0	10	0	0	0	0	0	0	0	0	0	0	39	92	0	0	0	1	0	0
fsh-generated/resources/StructureDefinition-fr-lm-validateur.json	2274	6	0	8	0	0	0	0	0	9	0	0	0	0	0	0	0	0	0	0	37	88	0	0	0	1	0	0
fsh-generated/resources/StructureDefinition-fr-location-document.json	2439	5	0	18	1	0	0	0	0	17	0	0	0	0	0	0	0	0	0	0	172	279	0	0	0	5	0	1
fsh-generated/resources/StructureDefinition-fr-media-document.json	6666	6	0	80	0	0	0	0	0	30	0	0	0	0	0	0	0	2	0	0	266	387	0	0	0	9	0	1
fsh-generated/resources/StructureDefinition-fr-medication-administration-document.json	8450	6	0	68	0	0	0	0	1	21	0	0	10	0	0	0	0	0	0	0	169	247	0	2	0	5	0	0
fsh-generated/resources/StructureDefinition-fr-medication-administration-sequence-extension.json	1992	5	0	20	0	0	0	0	0	10	0	0	0	0	0	0	0	0	0	0	40	97	0	0	0	2	0	0
fsh-generated/resources/StructureDefinition-fr-medication-dispense-document.json	4714	6	0	81	0	0	0	0	0	20	0	0	0	0	0	0	0	1	0	0	198	306	0	0	0	6	0	1
fsh-generated/resources/StructureDefinition-fr-medication-document.json	5892	5	0	60	0	0	0	0	0	437	0	0	0	0	0	0	0	0	0	0	171	235	0	0	0	5	0	0
fsh-generated/resources/StructureDefinition-fr-medication-request-document.json	20331	7	0	244	0	0	0	0	0	49	0	0	0	0	0	0	0	2	0	0	472	677	0	0	0	17	0	1
fsh-generated/resources/StructureDefinition-fr-medication-request-out-of-nomenclature-extension.json	2055	5	0	16	1	0	0	0	0	10	0	0	0	0	0	0	0	0	0	0	46	101	0	0	0	1	0	0
fsh-generated/resources/StructureDefinition-fr-medication-statement-document.json	7955	6	0	57	0	0	0	0	0	21	0	0	0	0	0	0	0	1	0	0	186	330	0	0	0	6	0	1
fsh-generated/resources/StructureDefinition-fr-medications-combinaison-document.json	1593	5	0	38	0	0	0	0	0	14	0	0	0	0	0	0	0	0	0	0	85	159	0	0	0	3	0	0
fsh-generated/resources/StructureDefinition-fr-method-extension.json	2021	6	0	16	0	0	0	0	0	10	0	0	0	0	0	0	0	0	0	0	41	110	0	0	0	1	0	0
fsh-generated/resources/StructureDefinition-fr-not-covered-extension.json	1821	5	0	9	0	0	0	0	0	9	0	0	0	0	0	0	0	0	0	0	44	100	0	0	0	0	0	0
fsh-generated/resources/StructureDefinition-fr-number-of-frames-extension.json	1590	6	0	8	0	0	0	0	0	10	0	0	0	0	0	0	0	0	0	0	38	99	0	0	0	1	0	0
fsh-generated/resources/StructureDefinition-fr-observation-administration-blood-derivatives-document.json	6063	5	0	46	0	0	0	0	0	31	0	0	1	0	0	0	0	1	0	0	219	2727	0	0	0	8	0	1
fsh-generated/resources/StructureDefinition-fr-observation-antenatal-testing-surveillance-battery-document.json	3468	7	0	48	1	0	0	0	0	23	0	0	0	0	0	0	0	1	0	0	210	295	0	0	0	7	0	0
fsh-generated/resources/StructureDefinition-fr-observation-birth-event-document.json	3335	7	0	46	0	0	0	0	0	131	0	0	0	0	0	0	0	0	0	0	164	261	0	0	0	6	1	1
fsh-generated/resources/StructureDefinition-fr-observation-blood-product-transfusion-document.json	6214	6	0	53	0	0	0	0	1	28	0	0	0	0	0	0	0	1	0	0	237	339	0	1	0	9	0	0
fsh-generated/resources/StructureDefinition-fr-observation-contra-indications-document.json	6370	5	0	50	0	0	0	0	0	24	0	0	0	0	0	0	0	1	0	0	239	1377	0	0	0	9	0	1
fsh-generated/resources/StructureDefinition-fr-observation-laboratory-report-results-document.json	18234	7	0	95	0	0	0	0	0	49	0	0	0	0	0	0	0	2	0	0	517	3652	0	0	0	18	0	1
fsh-generated/resources/StructureDefinition-fr-observation-medical-summary-document.json	6174	6	0	50	1	0	0	0	0	23	0	0	0	0	0	0	0	1	0	0	239	333	0	0	0	8	0	1
fsh-generated/resources/StructureDefinition-fr-observation-microorganism-detection-document.json	6072	5	0	47	0	0	0	0	0	27	0	0	0	0	0	0	0	0	0	0	221	311	0	0	0	10	0	1
fsh-generated/resources/StructureDefinition-fr-observation-multiresistant-microorganism-document.json	6083	6	0	44	0	0	0	0	0	21	0	0	0	0	0	0	0	1	0	0	220	318	0	0	0	8	0	0
fsh-generated/resources/StructureDefinition-fr-observation-pain-score-document.json	3585	6	0	44	0	0	0	0	0	19	0	0	0	0	0	0	0	1	0	0	173	660	0	0	0	7	0	1
fsh-generated/resources/StructureDefinition-fr-observation-pregnancy-document.json	6453	6	0	46	0	0	0	0	1	21	0	0	0	0	0	0	0	0	0	0	216	607	0	0	0	8	0	0
fsh-generated/resources/StructureDefinition-fr-observation-pregnancy-history-document.json	2689	5	0	42	0	0	0	0	0	16	0	0	0	0	0	0	0	1	0	0	161	258	0	0	0	6	0	1
fsh-generated/resources/StructureDefinition-fr-observation-radiation-exposure-document.json	8774	6	0	52	1	0	0	0	0	23	0	0	0	0	0	0	0	1	0	0	251	356	0	0	0	9	0	0
fsh-generated/resources/StructureDefinition-fr-observation-result-document.json	6539	6	0	47	0	0	0	0	0	22	0	0	0	0	0	0	0	1	0	0	223	324	0	0	0	8	0	0
fsh-generated/resources/StructureDefinition-fr-observation-social-history-document.json	3320	5	0	42	0	0	0	0	0	17	0	0	0	0	0	0	0	0	0	0	169	564	0	0	0	6	0	1
fsh-generated/resources/StructureDefinition-fr-observation-survey-document.json	12191	6	0	86	0	0	0	0	0	37	0	0	1	0	0	0	0	2	0	0	420	2537	0	0	0	15	0	1
fsh-generated/resources/StructureDefinition-fr-observation-survey-pannel-document.json	2355	6	0	38	0	0	0	0	0	15	0	0	0	0	0	0	0	0	0	0	137	241	0	0	0	5	0	0
fsh-generated/resources/StructureDefinition-fr-observation-transfusion-accidents-document.json	5967	6	0	44	1	0	0	0	0	20	0	0	0	0	0	0	0	1	0	0	218	312	0	0	0	8	0	1
fsh-generated/resources/StructureDefinition-fr-observation-vital-signs-document.json	4683	7	0	55	0	0	0	0	0	22	0	0	0	0	0	0	0	1	0	0	230	986	0	0	0	9	0	1
fsh-generated/resources/StructureDefinition-fr-observation-work-related-accident-document.json	6078	5	0	44	0	0	0	0	0	22	0	0	0	0	0	0	0	1	0	0	219	325	0	1	0	8	0	0
fsh-generated/resources/StructureDefinition-fr-organization-document.json	1360	6	0	30	0	0	0	0	0	31	0	0	0	0	0	0	0	2	0	0	363	673	0	0	0	12	0	2
fsh-generated/resources/StructureDefinition-fr-patient-document.json	663	5	0	24	0	0	0	0	0	22	0	0	0	0	0	0	0	1	0	0	237	460	0	0	0	9	1	1
fsh-generated/resources/StructureDefinition-fr-patient-history-extension.json	2125	6	0	8	0	0	0	0	1	11	0	0	0	0	0	0	0	0	0	0	41	113	0	0	0	1	0	0
fsh-generated/resources/StructureDefinition-fr-patient-ins-document.json	2407	5	0	31	0	0	0	0	0	29	0	0	0	0	0	0	0	2	0	0	318	615	0	0	0	11	0	1
fsh-generated/resources/StructureDefinition-fr-performer-event-extension.json	2029	5	0	10	1	0	0	0	0	12	0	0	0	0	0	0	0	0	0	0	57	117	0	0	0	2	0	0
fsh-generated/resources/StructureDefinition-fr-practitioner-document.json	2538	6	0	35	0	0	0	0	0	36	0	0	0	0	0	0	0	2	0	0	422	1534	0	0	0	14	0	2
fsh-generated/resources/StructureDefinition-fr-practitionerRole-document.json	3088	6	0	20	0	0	0	0	0	22	0	0	0	0	0	0	0	1	0	0	218	385	0	0	0	7	0	1
fsh-generated/resources/StructureDefinition-fr-pregnancy-history-document.json	2200	5	0	24	0	0	0	0	0	14	0	0	0	0	0	0	0	0	0	0	97	183	0	0	0	3	0	0
fsh-generated/resources/StructureDefinition-fr-procedure-act-document.json	13231	7	0	118	0	0	0	0	0	34	0	0	1	0	0	0	0	2	0	0	387	495	0	0	0	13	0	1
fsh-generated/resources/StructureDefinition-fr-procedure-difficulty-extension.json	1518	5	0	10	0	0	0	0	0	10	0	0	0	0	0	0	0	0	0	0	43	95	0	0	0	1	0	0
fsh-generated/resources/StructureDefinition-fr-procedure-imaging-document.json	6581	6	0	43	0	0	0	0	0	23	0	0	0	0	0	0	0	0	0	0	198	285	0	0	0	7	0	0
fsh-generated/resources/StructureDefinition-fr-procedure-priority-extension.json	1640	6	0	9	0	0	0	0	0	10	0	0	0	0	0	0	0	0	0	0	42	101	0	0	0	1	0	1
fsh-generated/resources/StructureDefinition-fr-related-person-document.json	2061	5	0	14	1	0	0	0	0	18	0	0	0	0	0	0	0	1	0	0	153	277	0	0	0	5	0	0
fsh-generated/resources/StructureDefinition-fr-service-request-document.json	6818	6	0	49	0	0	0	0	0	22	0	0	0	0	0	0	0	1	0	0	231	343	0	0	0	8	0	1
fsh-generated/resources/StructureDefinition-fr-specimen-document.json	5483	6	0	37	0	0	0	0	0	22	0	0	0	0	0	0	0	0	0	0	179	273	0	0	0	6	0	0
fsh-generated/resources/StructureDefinition-fr-status-reason-extension.json	1436	5	0	8	0	0	0	0	0	10	0	0	0	0	0	0	0	0	0	0	40	95	0	0	0	1	0	0
fsh-generated/resources/StructureDefinition-fr-study-instance-uid-identifier-document.json	1086	6	0	11	0	0	0	0	0	11	0	0	0	0	0	0	0	1	0	0	67	127	0	0	0	2	0	0
fsh-generated/resources/StructureDefinition-fr-task-patient-transport-document.json	5700	6	0	69	0	0	0	0	0	2116	0	0	0	0	0	0	0	1	0	0	289	481	0	0	0	9	1	1
fsh-generated/resources/ValueSet-fr-doc-vs-participation-type.json	790	5	0	0	1	0	0	0	0	116	0	0	0	0	0	0	0	0	0	0	25	67	0	0	0	0	0	0
fsh-generated/resources/ValueSet-fr-doc-vs-role-prise-charge.json	683	6	0	0	0	0	0	0	1	17	0	0	0	0	0	0	0	0	0	0	20	194	0	0	0	0	0	0
fsh-generated/resources/ValueSet-fr-vs-actor-type-document.json	719	5	0	0	0	0	0	0	0	17	0	0	0	0	0	0	0	0	0	0	28	68	0	0	0	1	0	0
fsh-generated/resources/ValueSet-fr-vs-allergy-substance.json	1109	6	0	0	0	0	0	0	0	364	0	0	0	0	0	0	0	0	0	0	24	2300	0	0	0	0	0	0
fsh-generated/resources/ValueSet-fr-vs-edqm-document.json	492	5	0	0	0	0	0	0	0	16	0	0	0	0	0	0	0	0	0	0	23	1920	0	0	0	0	0	0
fsh-generated/resources/ValueSet-fr-vs-evaluation-type.json	606	5	0	0	0	0	0	0	0	17	0	0	0	0	0	0	0	0	0	0	21	1271	0	0	0	0	0	0
fsh-generated/resources/ValueSet-fr-vs-medication-translation-document.json	807	6	0	0	1	0	0	0	0	308	0	0	0	0	0	0	0	0	0	0	23	709	0	0	0	1	0	0
fsh-generated/resources/ValueSet-fr-vs-procedure-code.json	1065	5	0	0	0	0	0	0	0	941	0	0	0	0	0	0	0	0	0	0	21	1625	0	0	0	0	0	0
fsh-generated/resources/ValueSet-fr-vs-result-type-document.json	1011	6	0	0	0	0	0	0	1	349	0	0	0	0	0	0	0	0	0	0	23	394	0	0	0	0	0	0
input/resources/BIO-CR-BIO-2024.01-Microbiologie-V1.xml	203367	115	0	0	0	0	0	0	6	0	0	0	0	0	0	0	0	0	0	0	240	122	0	0	0	0	0	0
input/resources/BIO-CR-BIO-2024.01-glycemie-mole.xml	133312	53	0	0	0	0	0	0	3	0	0	0	0	0	0	0	0	1	0	0	178	71	0	0	0	0	0	1
input/resources/IPS-FR-2024.01.xml	1507918	280	0	0	0	0	0	0	24	0	0	0	0	0	0	0	0	1	0	0	1603	263	0	0	0	0	0	0
input/resources/LDL-SES-2022.01.xml	76644	85	0	0	0	0	0	0	5	0	0	0	0	0	0	0	0	1	0	0	62	55	0	0	0	0	0	1
input/resources/eDISP-MED-2024.01.xml	66870	58	0	0	0	0	0	0	5	0	0	0	0	0	0	0	0	0	0	0	49	47	0	0	0	0	0	0
input/resources/eP-MED-DM-2024.01-PosoNonStruct.xml	211712	77	0	0	0	0	0	0	6	0	0	0	0	0	0	0	0	0	0	0	214	72	0	0	0	0	0	0
input/resources/eP-MED-DM-2024.01-PosoStruct.xml	227489	83	0	0	1	0	0	0	8	0	0	0	0	0	0	0	0	1	0	0	224	122	0	0	0	0	0	0
/fsh-generated/includes/fsh-link-references.md	30363	-	-	-	0	0	0	0	0	0	0	0	0	0	0	0	0	0	0	0	0	1	0	0	0	0	0	0
/fsh-generated/includes/menu.xml	4395	-	-	-	0	0	0	0	0	0	0	0	0	0	0	0	0	0	0	0	0	0	0	0	0	0	0	0
/input/data/features.yml	164	-	-	-	0	0	0	0	0	0	0	0	0	0	0	0	0	0	0	0	0	0	0	0	0	0	0	0
/input/pagecontent/structureGenerale.md	138	-	-	-	0	0	0	0	0	0	0	0	0	0	0	0	0	0	0	0	0	0	0	0	0	0	0	0
/input/pagecontent/introduction.md	895	-	-	-	0	0	0	0	0	0	0	0	0	0	0	0	0	0	0	0	0	0	0	0	0	0	0	0
/input/pagecontent/ressourcesCDA-struc-gen.md	34121	-	-	-	0	0	0	0	0	0	0	0	0	0	0	0	0	0	0	0	0	1	0	0	0	0	0	0
/input/pagecontent/ressourcesCDA-entete.md	8988	-	-	-	0	0	0	0	0	0	0	0	0	0	0	0	0	0	0	0	0	0	0	0	0	0	0	0
/input/pagecontent/corpsDocument.md	196	-	-	-	0	0	0	0	0	0	0	0	0	0	0	0	0	0	0	0	0	0	0	0	0	0	0	0
/input/pagecontent/ressourcesFHIR-corps.md	1735	-	-	-	0	0	0	0	0	0	0	0	0	0	0	0	0	0	0	0	0	16	0	0	0	0	0	0
/input/pagecontent/enteteDocument.md	197	-	-	-	0	0	0	0	0	0	0	0	0	0	0	0	0	0	0	0	0	0	0	0	0	0	0	0
/input/pagecontent/mappingCDA-FHIR-struc-gen.md	6876	-	-	-	0	0	0	0	0	0	0	0	0	0	0	0	0	0	0	0	0	0	0	0	0	0	0	0
/input/pagecontent/exigencesSpecifiques.md	5319	-	-	-	0	0	0	0	0	0	0	0	0	0	0	0	0	0	0	0	0	0	0	0	0	0	0	0
/input/pagecontent/StructureDefinition-Auteur-intro.md	788	-	-	-	0	0	0	0	0	0	0	0	0	0	0	0	0	0	0	0	0	0	0	0	0	0	0	0
/input/pagecontent/ressourcesFHIR-entete.md	651	-	-	-	0	0	0	0	0	0	0	0	0	0	0	0	0	0	0	0	0	2	0	0	0	0	0	0
/input/pagecontent/securite.md	900	-	-	-	0	0	0	0	0	0	0	0	0	0	0	0	0	0	0	0	0	0	0	0	0	0	0	0
/input/pagecontent/mappingCDA-FHIR-entete.md	4538	-	-	-	0	0	0	0	0	0	0	0	0	0	0	0	0	0	0	0	0	81	0	0	0	0	0	0
/input/pagecontent/ressourcesCDA-corps.md	0	-	-	-	0	0	0	0	0	0	0	0	0	0	0	0	0	0	0	0	0	0	0	0	0	0	0	0
/input/pagecontent/ressourcesFHIR-struc-gen.md	20905	-	-	-	0	0	0	0	0	0	0	0	0	0	0	0	0	0	0	0	0	0	0	0	0	0	0	0
/input/pagecontent/downloads.md	1012	-	-	-	0	0	0	0	0	0	0	0	0	0	0	0	0	0	0	0	0	0	0	0	0	0	0	0
/input/pagecontent/index.md	4348	-	-	-	0	0	0	0	0	0	0	0	0	0	0	0	0	0	0	0	0	1	0	0	0	0	0	0
/input/pagecontent/autres_ressources.md	152	-	-	-	0	0	0	0	0	0	0	0	0	0	0	0	0	0	0	0	0	0	0	0	0	0	0	0
/input/pagecontent/mappingCDA-FHIR-corps.md	3562	-	-	-	0	0	0	0	0	0	0	0	0	0	0	0	0	0	0	0	0	256	0	0	0	0	0	0
/template/config	0	-	-	-	0	0	0	0	0	0	0	0	0	0	0	0	0	0	0	0	0	0	0	0	0	0	0	0
/template/config/_config.yml	31	-	-	-	0	0	0	0	0	0	0	0	0	0	0	0	0	0	0	0	0	0	0	0	0	0	0	0
/input/images	0	-	-	-	0	0	0	0	0	0	0	0	0	0	0	0	0	0	0	0	0	0	0	0	0	0	0	0
/input/images/ExempleRfrencementElmentCod.png	37504	-	-	-	0	0	0	0	0	0	0	0	0	0	0	0	0	0	0	0	0	0	0	0	0	0	0	0
/input/images/anImage.png	36288	-	-	-	0	0	0	0	0	0	0	0	0	0	0	0	0	0	0	0	0	0	0	0	0	0	0	0
/input/images/ci-sis-logo.png	61365	-	-	-	0	0	0	0	0	0	0	0	0	0	0	0	0	0	0	0	0	0	0	0	0	0	0	0
/input/images/EntryRelationshipRelationEntre2Elments.png	14200	-	-	-	0	0	0	0	0	0	0	0	0	0	0	0	0	0	0	0	0	1	0	0	0	0	0	0
/input/images/ExempleRfrencementElmentNonCod.png	79302	-	-	-	0	0	0	0	0	0	0	0	0	0	0	0	0	0	0	0	0	0	0	0	0	0	0	0
/input/images/SchemaXMLCDAR2.png	426354	-	-	-	0	0	0	0	0	0	0	0	0	0	0	0	0	0	0	0	0	0	0	0	0	0	0	0
/input/images/FormesDocumentsCDA.png	200143	-	-	-	0	0	0	0	0	0	0	0	0	0	0	0	0	0	0	0	0	0	0	0	0	0	0	0
/temp/pages/_includes/artifacts.xml	190802	-	-	-	-	-	-	-	-	-	-	-	-	-	-	-	-	-	-	-	-	2	0	0	0	0	0	0
